chain,resid,resname,max_contact_freq
receptor,24,ILE,0.0000
receptor,25,VAL,0.0000
receptor,26,GLY,0.0000
receptor,27,GLY,0.0000
receptor,28,ALA,0.0000
receptor,29,VAL,0.0000
receptor,30,THR,0.0000
receptor,31,THR,0.0000
receptor,32,ILE,0.0000
receptor,33,ASP,0.0000
receptor,34,GLN,0.0000
receptor,35,TYR,0.0000
receptor,36,PRO,0.0000
receptor,37,GLU,0.0000
receptor,38,MET,0.0000
receptor,39,SER,0.0000
receptor,40,SER,0.0000
receptor,41,LEU,0.0000
receptor,42,LEU,0.0000
receptor,43,TYR,0.1376
receptor,44,THR,0.0003
receptor,45,TRP,0.0757
receptor,46,ASP,0.2030
receptor,47,LEU,0.0000
receptor,48,SER,0.0000
receptor,49,SER,0.0000
receptor,50,TYR,0.0000
receptor,51,TRP,0.0057
receptor,52,GLN,0.0000
receptor,53,ARG,0.5138
receptor,54,CYX,0.0000
receptor,55,GLY,0.0000
receptor,56,GLY,0.0000
receptor,57,ALA,0.0000
receptor,58,VAL,0.0000
receptor,59,LEU,0.0000
receptor,60,ASN,0.0000
receptor,61,THR,0.0000
receptor,62,ARG,0.0000
receptor,63,SER,0.0000
receptor,64,ILE,0.0000
receptor,65,LEU,0.0000
receptor,66,THR,0.0000
receptor,67,ALA,0.0000
receptor,68,ALA,0.7697
receptor,69,HID,0.6519
receptor,70,CYX,0.0000
receptor,71,PHE,0.7245
receptor,72,ILE,0.4267
receptor,73,ASN,0.1674
receptor,74,ASP,0.9674
receptor,75,PRO,0.0667
receptor,76,ALA,0.0000
receptor,77,ASN,0.1280
receptor,78,ARG,0.0000
receptor,79,TRP,0.0000
receptor,80,ARG,0.0000
receptor,81,ILE,0.0000
receptor,82,ARG,0.0000
receptor,83,VAL,0.0000
receptor,84,GLY,0.0000
receptor,85,SER,0.0000
receptor,86,THR,0.0000
receptor,87,TRP,0.0000
receptor,88,ALA,0.0000
receptor,89,ASN,0.0000
receptor,90,SER,0.0000
receptor,91,GLY,0.0000
receptor,92,GLY,0.0000
receptor,93,VAL,0.0000
receptor,94,VAL,0.0000
receptor,95,HIE,0.0000
receptor,96,ASN,0.0000
receptor,97,VAL,0.0000
receptor,98,GLY,0.0000
receptor,99,SER,0.0001
receptor,100,ILE,0.0191
receptor,101,ILE,0.0000
receptor,102,ILE,0.7269
receptor,103,HID,0.9044
receptor,104,PRO,0.9994
receptor,105,ASN,0.9980
receptor,106,TYR,0.9999
receptor,107,ASN,0.9866
receptor,108,GLY,0.9976
receptor,109,ALA,0.7013
receptor,110,THR,0.0044
receptor,111,ILE,0.0016
receptor,112,ASP,0.1063
receptor,113,SER,0.1670
receptor,114,ASP,0.0000
receptor,115,VAL,0.0000
receptor,116,ALA,0.0000
receptor,117,ILE,0.0000
receptor,118,LEU,0.0000
receptor,119,ARG,0.0000
receptor,120,SER,0.0000
receptor,121,ALA,0.0000
receptor,122,THR,0.0000
receptor,123,THR,0.0000
receptor,124,ILE,0.0000
receptor,125,SER,0.0000
receptor,126,HID,0.0000
receptor,127,ASN,0.0000
receptor,128,THR,0.0000
receptor,129,LEU,0.0000
receptor,130,VAL,0.0000
receptor,131,ARG,0.0000
receptor,132,PRO,0.0000
receptor,133,ALA,0.0000
receptor,134,SER,0.0000
receptor,135,ILE,0.0000
receptor,136,ALA,0.0000
receptor,137,SER,0.0000
receptor,138,ALA,0.0000
receptor,139,SER,0.0000
receptor,140,TYR,0.0000
receptor,141,ILE,0.0000
receptor,142,LEU,0.0000
receptor,143,ALA,0.0000
receptor,144,ASP,0.0000
receptor,145,ASN,0.0000
receptor,146,GLN,0.0000
receptor,147,VAL,0.0000
receptor,148,VAL,0.0000
receptor,149,TRP,0.0000
receptor,150,ALA,0.0000
receptor,151,THR,0.0000
receptor,152,GLY,0.0000
receptor,153,TRP,0.0000
receptor,154,GLY,0.0000
receptor,155,ALA,0.0000
receptor,156,LEU,0.0000
receptor,157,TYR,0.0000
receptor,158,VAL,0.0021
receptor,159,ASN,0.0101
receptor,160,GLY,0.0000
receptor,161,PRO,0.0000
receptor,162,SER,0.0000
receptor,163,SER,0.0000
receptor,164,GLU,0.0000
receptor,165,GLN,0.0000
receptor,166,LEU,0.0000
receptor,167,ARG,0.0000
receptor,168,HIE,0.0000
receptor,169,VAL,0.0000
receptor,170,GLN,0.0000
receptor,171,ILE,0.0000
receptor,172,TRP,0.0000
receptor,173,THR,0.0000
receptor,174,ILE,0.0000
receptor,175,ASN,0.0000
receptor,176,GLN,0.0000
receptor,177,ALA,0.0000
receptor,178,THR,0.0000
receptor,179,CYX,0.0000
receptor,180,ARG,0.0000
receptor,181,THR,0.0000
receptor,182,ARG,0.0000
receptor,183,TYR,0.0000
receptor,184,ALA,0.0000
receptor,185,THR,0.0000
receptor,186,ARG,0.0034
receptor,187,GLY,0.0000
receptor,188,ARG,0.0134
receptor,189,ASN,0.0070
receptor,190,ILE,0.0006
receptor,191,THR,0.0226
receptor,192,ASP,0.1520
receptor,193,ASN,0.4341
receptor,194,MET,0.0000
receptor,195,LEU,0.0000
receptor,196,CYX,0.0000
receptor,197,SER,0.0000
receptor,198,GLY,0.0000
receptor,199,TRP,0.0000
receptor,200,LEU,0.0000
receptor,201,ASP,0.0000
receptor,202,VAL,0.0000
receptor,203,GLY,0.0000
receptor,204,GLY,0.0000
receptor,205,ARG,0.0000
receptor,206,ASP,0.0000
receptor,207,THR,0.0000
receptor,208,CYX,0.0003
receptor,209,ARG,0.1330
receptor,210,GLY,0.0000
receptor,211,ASP,0.0000
receptor,212,SER,0.0000
receptor,213,GLY,0.0000
receptor,214,GLY,0.0000
receptor,215,PRO,0.0000
receptor,216,LEU,0.0000
receptor,217,TYR,0.0000
receptor,218,HID,0.0000
receptor,219,HID,0.0000
receptor,220,GLY,0.0000
receptor,221,VAL,0.0000
receptor,222,ILE,0.0000
receptor,223,VAL,0.0000
receptor,224,GLY,0.0000
receptor,225,ILE,0.0000
receptor,226,CYS,0.0000
receptor,227,SER,0.0000
receptor,228,PHE,0.0000
receptor,229,GLY,0.0114
receptor,230,ARG,0.0541
receptor,231,GLY,0.0807
receptor,232,CYX,0.0176
receptor,233,GLY,0.0000
receptor,234,GLU,0.0000
receptor,235,PRO,0.0000
receptor,236,GLU,0.0000
receptor,237,PHE,0.0000
receptor,238,PRO,0.0000
receptor,239,GLY,0.0000
receptor,240,VAL,0.0000
receptor,241,ASN,0.0000
receptor,242,VAL,0.0000
receptor,243,ARG,0.0000
receptor,244,VAL,0.0000
receptor,245,SER,0.0014
receptor,246,ARG,0.4281
receptor,247,PHE,0.3278
receptor,248,THR,0.0000
receptor,249,THR,0.0928
receptor,250,TRP,0.0630
receptor,251,ILE,0.0000
receptor,252,GLN,0.0024
receptor,253,GLU,0.0647
receptor,254,ASN,0.0007
receptor,255,ALA,0.0000
ligand,256,VAL,0.1520
ligand,257,LEU,0.0898
ligand,258,ARG,0.4901
ligand,259,GLY,0.4754
ligand,260,GLY,0.3921
ligand,261,SER,0.3707
ligand,262,GLY,0.0049
ligand,263,GLY,0.0044
ligand,264,SER,0.0143
ligand,265,GLY,0.9999
ligand,266,GLY,0.9144
ligand,267,SER,0.9994
ligand,268,VAL,0.0000
ligand,269,LEU,0.0000
ligand,270,LYS,0.0000
ligand,271,GLY,0.0000
ligand,272,GLY,0.0000
ligand,273,SER,0.0000
ligand,274,GLY,0.0000
ligand,275,GLY,0.0000
ligand,276,SER,0.0007
ligand,277,GLY,0.9976
ligand,278,GLY,0.8379
ligand,279,SER,0.6759
ligand,280,VAL,0.0000
ligand,281,LEU,0.7269
ligand,282,ARG,0.1538
ligand,283,GLY,0.0000
ligand,284,GLY,0.0000
ligand,285,SER,0.0000
ligand,286,GLY,0.0000
ligand,287,GLY,0.0000
ligand,288,SER,0.0000
ligand,289,GLY,0.9894
ligand,290,GLY,0.0259
ligand,291,SER,0.8863
ligand,292,VAL,0.0000
ligand,293,LEU,0.7697
ligand,294,LYS,0.3845
ligand,295,GLY,0.0000
ligand,296,GLY,0.0000
ligand,297,SER,0.0000
ligand,298,GLY,0.0000
ligand,299,GLY,0.0000
ligand,300,SER,0.0000
ligand,301,GLY,0.0009
ligand,302,GLY,0.0000
ligand,303,SER,0.0053
ligand,304,VAL,0.0000
ligand,305,LEU,0.6519
ligand,306,ARG,0.9674
ligand,307,GLY,0.0000
ligand,308,GLY,0.0000
ligand,309,SER,0.0000
ligand,310,GLY,0.0000
ligand,311,GLY,0.0000
ligand,312,SER,0.0000
ligand,313,GLY,0.0000
ligand,314,GLY,0.0000
ligand,315,SER,0.0007
ligand,316,VAL,0.0000
ligand,317,LEU,0.3468
ligand,318,LYS,0.2030
ligand,319,GLY,0.0000
ligand,320,GLY,0.0000
ligand,321,SER,0.0000
ligand,322,GLY,0.0000
ligand,323,GLY,0.0000
ligand,324,SER,0.0000
ligand,325,GLY,0.0000
ligand,326,GLY,0.0000
ligand,327,SER,0.0004
ligand,328,VAL,0.0009
ligand,329,LEU,0.0117
ligand,330,ARG,0.5138
