chain,resid,resname,max_contact_freq,features
receptor,106,TYR,0.9999,"aromatic;hbond_acceptor;hbond_donor;hydrophobic"
ligand,265,GLY,0.9999,"none"
receptor,104,PRO,0.9994,"hydrophobic"
ligand,267,SER,0.9994,"hbond_acceptor;hbond_donor"
receptor,105,ASN,0.9980,"hbond_acceptor;hbond_donor"
receptor,108,GLY,0.9976,"none"
ligand,277,GLY,0.9976,"none"
ligand,289,GLY,0.9894,"none"
receptor,107,ASN,0.9866,"hbond_acceptor;hbond_donor"
receptor,74,ASP,0.9674,"hbond_acceptor;negative_ionizable"
ligand,306,ARG,0.9674,"hbond_donor;positive_ionizable"
ligand,266,GLY,0.9144,"none"
receptor,103,HID,0.9044,"aromatic;hbond_acceptor;hbond_donor;positive_ionizable"
ligand,291,SER,0.8863,"hbond_acceptor;hbond_donor"
ligand,278,GLY,0.8379,"none"
receptor,68,ALA,0.7697,"hydrophobic"
ligand,293,LEU,0.7697,"hydrophobic"
receptor,102,ILE,0.7269,"hydrophobic"
ligand,281,LEU,0.7269,"hydrophobic"
receptor,71,PHE,0.7245,"aromatic;hydrophobic"
receptor,109,ALA,0.7013,"hydrophobic"
ligand,279,SER,0.6759,"hbond_acceptor;hbond_donor"
receptor,69,HID,0.6519,"aromatic;hbond_acceptor;hbond_donor;positive_ionizable"
ligand,305,LEU,0.6519,"hydrophobic"
receptor,53,ARG,0.5138,"hbond_donor;positive_ionizable"
ligand,330,ARG,0.5138,"hbond_donor;positive_ionizable"
ligand,258,ARG,0.4901,"hbond_donor;positive_ionizable"
ligand,259,GLY,0.4754,"none"
receptor,193,ASN,0.4341,"hbond_acceptor;hbond_donor"
receptor,246,ARG,0.4281,"hbond_donor;positive_ionizable"
receptor,72,ILE,0.4267,"hydrophobic"
ligand,260,GLY,0.3921,"none"
ligand,294,LYS,0.3845,"hbond_donor;positive_ionizable"
ligand,261,SER,0.3707,"hbond_acceptor;hbond_donor"
ligand,317,LEU,0.3468,"hydrophobic"
receptor,247,PHE,0.3278,"aromatic;hydrophobic"
receptor,46,ASP,0.2030,"hbond_acceptor;negative_ionizable"
ligand,318,LYS,0.2030,"hbond_donor;positive_ionizable"
